<?xml version="1.0" encoding="UTF-8"?>
<project-private xmlns="http://www.netbeans.org/ns/project-private/1">
    <editor-bookmarks xmlns="http://www.netbeans.org/ns/editor-bookmarks/2" lastBookmarkId="0"/>
    <open-files xmlns="http://www.netbeans.org/ns/projectui-open-files/2">
        <group>
            <file>file:/root/NetBeansProjects/Consultorio/web/WEB-INF/opciones.html</file>
            <file>file:/root/NetBeansProjects/Consultorio/src/java/Login.java</file>
            <file>file:/root/NetBeansProjects/Consultorio/src/java/entidades/TbRolUsuario.java</file>
            <file>file:/root/NetBeansProjects/Consultorio/src/java/entidades/TbUsuario.java</file>
        </group>
    </open-files>
</project-private>
